{"cameraMode":{"drawMode":0,"name":"Shaded","section":"Shading Mode"},"sceneLighting":true,"audioPlay":false,"sceneViewState":{"m_AlwaysRefresh":false,"showFog":true,"showSkybox":true,"showFlares":true,"showImageEffects":true,"showParticleSystems":true,"showVisualEffectGraphs":true,"m_FxEnabled":true},"in2DMode":false,"pivot":{"x":-2.419285774230957,"y":5.051052570343018,"z":1.2832350730895997},"rotation":{"x":0.013350741006433964,"y":0.9866462349891663,"z":-0.11477668583393097,"w":0.11476751416921616},"size":10.353630065917969,"orthographic":false}